185-81-6368,Barry,Craig,Barry_Craig8934@deons.tech,Male,Sierra Leone,226.90.86.119,10/29/5033
288-36-8704,Daria,Hobbs,Daria_Hobbs7391@nickia.com,Female,Bahrain,136.139.164.137,10/2/8562
047-35-3740,Manuel,Alexander,Manuel_Alexander1731@naiker.biz,Male,Moldova,2.101.48.113,5/24/8374
388-21-0352,Aiden,Jackson,Aiden_Jackson2507@nanoff.biz,Male,Tonga,25.94.249.179,10/17/8206
644-11-7102,Rocco,Bloom,Rocco_Bloom6298@supunk.biz,Male,Lesotho,236.122.32.229,8/16/2841
634-23-3241,Jacob,Radley,Jacob_Radley5970@muall.tech,Male,Tonga,104.83.69.241,1/6/3470
563-48-4806,Alessia,Hobbs,Alessia_Hobbs8178@supunk.biz,Female,Zambia,232.128.148.113,11/25/0228
648-36-4685,Johnathan,Newman,Johnathan_Newman5621@famism.biz,Male,Tanzania,183.109.128.230,5/31/1975
507-63-6684,Makenzie,Dempsey,Makenzie_Dempsey4405@cispeto.com,Female,Pakistan,52.191.132.44,1/23/7021
065-47-0404,Chris,Moore,Chris_Moore6860@muall.tech,Male,Rwanda,245.245.188.15,6/5/9956
164-24-2231,Bridget,Harris,Bridget_Harris6507@deons.tech,Female,Algeria,107.138.204.246,11/24/0276
816-40-7674,Boris,Shepherd,Boris_Shepherd1283@iatim.tech,Male,Tanzania,41.52.102.130,5/20/5040
554-11-1041,Angel,Dunbar,Angel_Dunbar2465@gompie.com,Female,Lesotho,79.103.219.33,3/7/3524
277-31-0403,Maggie,Tindall,Maggie_Tindall4470@joiniaa.com,Female,Portugal,86.162.216.251,10/2/9525
010-36-4867,Ethan,Walker,Ethan_Walker3685@acrit.org,Male,Liechtenstein,22.42.41.231,9/9/6054
176-88-7281,Jack,Skinner,Jack_Skinner9416@ovock.tech,Male,Ecuador,208.5.37.151,12/31/2407
487-73-8312,Monica,Ventura,Monica_Ventura9640@typill.biz,Female,Sudan, South,3.227.11.38,10/17/9210
705-72-5177,Skylar,Flanders,Skylar_Flanders802@famism.biz,Female,Taiwan,59.14.18.164,7/13/6781
453-51-0306,Julian,Wade,Julian_Wade3401@supunk.biz,Male,Mauritania,162.24.94.40,9/29/9869
587-37-4130,Kaylee,Addley,Kaylee_Addley6984@bretoux.com,Female,Portugal,189.98.121.79,1/2/3244
105-42-0575,Jackeline,Leslie,Jackeline_Leslie2477@tonsy.org,Female,San Marino,79.143.150.68,12/25/8605
635-82-5040,Noemi,Little,Noemi_Little7835@zorer.org,Female,Australia,11.245.141.20,4/5/4225
286-77-8386,Gil,Booth,Gil_Booth8120@elnee.tech,Male,The Bahamas,250.216.141.41,5/29/8610
318-51-8827,Harmony,Stone,Harmony_Stone2991@zorer.org,Female,Uruguay,28.236.82.24,4/23/8071
005-02-6475,Ema,Weatcroft,Ema_Weatcroft6352@dionrab.com,Female,Czech Republic,200.29.151.241,2/12/1673
808-43-5085,Joy,Fox,Joy_Fox488@ubusive.com,Female,Lithuania,44.181.247.189,2/11/0276
426-14-4468,Eduardo,Lindsay,Eduardo_Lindsay2232@bauros.biz,Male,New Zealand,235.189.118.9,6/1/5542
564-74-0780,Paula,Santos,Paula_Santos481@ovock.tech,Female,Rwanda,37.246.207.14,6/14/3927
472-28-4777,Caleb,Stanton,Caleb_Stanton6773@fuliss.net,Male,Guyana,233.16.19.52,4/18/9094
885-46-0273,Sienna,Quinn,Sienna_Quinn6926@naiker.biz,Female,Cuba,136.6.23.50,7/3/4194
512-74-4417,Tyson,Rycroft,Tyson_Rycroft427@guentu.biz,Male,Guinea-Bissau,199.60.179.83,4/29/1897
067-01-5506,Jaylene,Doherty,Jaylene_Doherty5268@brety.org,Female,Ecuador,213.80.40.219,12/25/3666
831-54-8700,Alexander,Slater,Alexander_Slater8681@iatim.tech,Male,Malta,68.221.73.75,4/15/5755
347-16-6200,Wade,Campbell,Wade_Campbell7647@supunk.biz,Male,The Bahamas,201.109.219.129,3/23/9060
154-86-0123,Faith,Tennant,Faith_Tennant357@deons.tech,Female,Pakistan,67.137.195.214,4/4/4094
641-51-1072,Kieth,Murray,Kieth_Murray1003@eirey.tech,Male,Korea, North,244.9.211.99,8/24/9587
423-85-7586,Harry,Miller,Harry_Miller2016@bungar.biz,Male,Antigua and Barbuda,60.88.89.191,2/1/0876
473-47-8127,Nathan,Kirby,Nathan_Kirby8875@sheye.org,Male,Zimbabwe,124.109.15.101,12/2/6634
515-36-5122,Elijah,Partridge,Elijah_Partridge7566@elnee.tech,Male,Botswana,196.107.241.102,3/2/5399
025-57-3837,Piper,Tindall,Piper_Tindall6698@bretoux.com,Female,Taiwan,45.63.201.167,2/11/5667
852-26-4836,Luke,Skinner,Luke_Skinner4999@ovock.tech,Male,Taiwan,225.63.28.233,7/8/5182
412-65-8451,Jaylene,Jackson,Jaylene_Jackson2068@sveldo.biz,Female,Cameroon,87.233.110.251,4/20/9054
262-55-4031,Oliver,Whitmore,Oliver_Whitmore4854@gembat.biz,Male,Belarus,199.231.168.76,12/21/6405
455-74-4140,Cameron,Jarvis,Cameron_Jarvis8528@mafthy.com,Female,India,167.63.63.8,2/5/5000
618-75-5708,Emerald,Wright,Emerald_Wright9985@ovock.tech,Female,Moldova,159.122.61.123,9/9/6065
553-52-2523,Wendy,Mcnally,Wendy_Mcnally2914@grannar.com,Female,Ethiopia,107.205.73.220,2/6/8205
230-66-4660,Agnes,Tennant,Agnes_Tennant164@tonsy.org,Female,Togo,180.35.202.142,9/29/9513
307-50-3158,Jacob,Hunt,Jacob_Hunt8177@jiman.org,Male,Laos,233.82.102.71,5/5/5269
316-04-6862,Logan,Richardson,Logan_Richardson6085@brety.org,Female,Burkina Faso,161.221.168.21,10/5/8111
155-53-4147,Marvin,Jennson,Marvin_Jennson8919@nimogy.biz,Male,Saudi Arabia,43.109.155.124,4/30/4452
655-36-3736,Ruby,Kerr,Ruby_Kerr8458@twace.org,Female,Yemen,198.167.201.197,4/18/5836
583-24-0514,Nicholas,Simpson,Nicholas_Simpson7013@guentu.biz,Male,Malaysia,104.83.204.47,4/4/2155
267-72-5476,Daniel,Potts,Daniel_Potts8522@yahoo.com,Male,Cambodia,178.230.188.100,12/27/8162
032-85-6437,Alan,Howard,Alan_Howard8278@gembat.biz,Male,Cambodia,216.205.31.253,8/31/9806
842-47-1757,Marina,Salt,Marina_Salt8871@acrit.org,Female,Oman,250.107.120.248,7/28/8035
740-15-8818,Caleb,Nicolas,Caleb_Nicolas1515@joiniaa.com,Male,Solomon Islands,167.99.93.0,5/23/3044
805-48-5170,Cherish,Snell,Cherish_Snell3031@gembat.biz,Female,Monaco,235.253.173.227,9/5/8243
823-20-1270,Julian,Hale,Julian_Hale6434@acrit.org,Male,Albania,108.103.49.38,10/29/2623
302-20-6774,Percy,Nelson,Percy_Nelson6086@atink.com,Male,Uganda,208.234.196.66,1/26/4880
443-28-2177,Kamila,Ring,Kamila_Ring9685@zorer.org,Female,Sierra Leone,92.222.110.50,3/13/2344
323-58-8214,Boris,Forester,Boris_Forester6282@eirey.tech,Male,Moldova,35.253.183.187,2/14/4619
885-80-3681,Liam,Mould,Liam_Mould5844@infotech44.tech,Male,Ukraine,233.94.179.119,10/20/1403
402-17-7443,Christine,Styles,Christine_Styles258@acrit.org,Female,El Salvador,39.16.221.110,6/20/3830
770-33-7677,Callie,Allcott,Callie_Allcott432@sveldo.biz,Female,India,98.95.101.50,7/22/5681
620-36-6517,Sienna,White,Sienna_White369@deavo.com,Female,Egypt,148.168.185.58,3/3/9981
700-21-5302,Henry,Wellington,Henry_Wellington817@brety.org,Male,Singapore,19.199.73.39,7/7/2920
258-25-5162,Chris,Rogers,Chris_Rogers6738@deavo.com,Male,Sri Lanka,71.95.84.202,1/29/6423
511-57-6473,Erick,Cooper,Erick_Cooper5241@nimogy.biz,Male,Serbia,169.244.239.209,3/4/2446
278-71-0626,Selena,Funnell,Selena_Funnell4622@gmail.com,Female,Austria,127.8.177.75,2/1/9088
816-51-5317,Julius,Stewart,Julius_Stewart9446@qater.org,Male,Uruguay,90.29.183.193,3/30/0511
021-11-4262,Fred,Reid,Fred_Reid818@acrit.org,Male,Egypt,40.69.123.172,4/19/6748
087-46-4607,Alan,Thomson,Alan_Thomson8743@supunk.biz,Male,Vietnam,83.101.153.166,3/21/1321
557-02-5205,Rocco,Campbell,Rocco_Campbell2056@nickia.com,Male,Bahrain,193.5.217.65,3/18/1051
432-42-4558,Mike,Oatway,Mike_Oatway1471@bauros.biz,Male,Malaysia,50.240.106.53,5/15/5742
580-82-8337,Kamila,Andrews,Kamila_Andrews9060@acrit.org,Female,Côte d’Ivoire,35.55.136.70,10/11/8766
001-10-1056,Owen,Brock,Owen_Brock3940@joiniaa.com,Male,Romania,5.92.125.78,12/12/0599
503-44-7668,Matthew,Ingram,Matthew_Ingram2104@bauros.biz,Male,Serbia,165.175.235.56,9/13/7107
224-34-8221,Doug,Andrews,Doug_Andrews9344@hourpy.biz,Male,Bosnia and Herzegovina,228.222.53.128,5/7/6656
053-15-1313,Harvey,Hunt,Harvey_Hunt2869@jiman.org,Male,Albania,241.121.147.254,10/22/7848
727-58-0618,Taylor,Attwood,Taylor_Attwood8894@gompie.com,Female,Jordan,20.138.100.149,2/9/0211
051-20-4357,Charlize,Janes,Charlize_Janes2981@twipet.com,Female,Nigeria,74.28.42.79,11/20/8711
882-27-7086,Summer,Styles,Summer_Styles3656@zorer.org,Female,Macedonia,123.251.163.12,5/3/4385
128-84-6361,Harvey,Ellis,Harvey_Ellis1732@eirey.tech,Male,Malaysia,10.10.90.150,5/13/9349
077-42-8551,Jacqueline,Murphy,Jacqueline_Murphy5847@guentu.biz,Female,Solomon Islands,244.1.219.46,8/29/0563
703-36-7327,Sonya,Addis,Sonya_Addis6798@zorer.org,Female,Kyrgyzstan,63.48.173.9,5/15/7193
758-36-3425,Gabriel,Evans,Gabriel_Evans2479@womeona.net,Male,Mali,73.25.228.182,10/16/6551
387-47-4767,Allison,Buckley,Allison_Buckley1074@bulaffy.com,Female,Chad,128.174.163.21,1/9/8331
765-04-4604,Kurt,Walsh,Kurt_Walsh7731@corti.com,Male,Liechtenstein,21.37.226.100,1/17/0689
318-56-2711,Irene,Newman,Irene_Newman931@guentu.biz,Female,Nigeria,91.202.122.147,7/24/1248
286-37-5283,Adeline,Kennedy,Adeline_Kennedy2496@womeona.net,Female,Lesotho,67.239.201.141,7/5/5980
502-11-2051,Domenic,Gilmore,Domenic_Gilmore7304@gompie.com,Male,Slovenia,146.160.168.180,1/20/3444
121-22-3187,Penny,Dale,Penny_Dale7722@gmail.com,Female,Niger,36.125.44.11,6/26/1325
388-75-7251,Michael,Mccall,Michael_Mccall8957@famism.biz,Male,Germany,202.65.98.236,9/28/2369
757-78-6055,Fred,Broomfield,Fred_Broomfield2470@elnee.tech,Male,Tuvalu,242.15.31.144,6/12/8247
727-25-4666,Lorraine,Tyrrell,Lorraine_Tyrrell153@fuliss.net,Female,Hungary,128.133.125.68,8/29/3363
881-50-3584,Ethan,Hamilton,Ethan_Hamilton7062@hourpy.biz,Male,Mali,45.246.23.121,6/12/0358
402-45-6668,Chuck,Hill,Chuck_Hill6882@jiman.org,Male,Sudan, South,98.215.238.137,2/15/8238
503-75-2450,Clint,Jordan,Clint_Jordan8@deons.tech,Male,Vatican City,185.120.78.207,6/27/8463
301-47-1243,Peter,Camden,Peter_Camden5365@supunk.biz,Male,Iceland,145.132.179.168,1/26/7552
573-01-7431,Benny,Emerson,Benny_Emerson5270@twace.org,Male,Samoa,229.50.170.158,7/13/6095